caseId,receivedDate,caseStatus
YSC1790000004,09/29/2016,Case Was Received
YSC1790000005,09/29/2016,Case Was Received
YSC1790000006,09/27/2016,Case Was Received
YSC1790000007,09/29/2016,Case Was Received
YSC1790000008,09/29/2016,Case Was Received
YSC1790000009,09/29/2016,Case Was Received
YSC1790000010,09/29/2016,Case Was Received
YSC1790000011,09/29/2016,Case Was Received
YSC1790000012,10/27/2016,Notice Was Returned To USCIS Because The Post Office Could Not Deliver It
YSC1790000013,09/29/2016,Case Was Received
YSC1790000014,09/29/2016,Case Was Received
YSC1790000015,09/29/2016,Case Was Received
YSC1790000016,09/29/2016,Case Was Received
YSC1790000017,09/29/2016,Case Was Received
YSC1790000018,09/29/2016,Case Was Received
YSC1790000019,09/29/2016,Case Was Received
YSC1790000020,09/29/2016,Case Was Received
YSC1790000021,09/29/2016,Case Was Received
YSC1790000022,09/29/2016,Case Was Received
YSC1790000023,09/29/2016,Case Was Received
YSC1790000024,09/29/2016,Case Was Received
YSC1790000025,09/29/2016,Case Was Received
YSC1790000026,09/29/2016,Case Was Received
YSC1790000027,09/29/2016,Case Was Received
YSC1790000028,09/29/2016,Case Was Received
YSC1790000029,09/29/2016,Case Was Received
YSC1790000030,09/29/2016,Case Was Received
YSC1790000031,11/22/2016,Card Was Mailed To Me
YSC1790000032,11/22/2016,Card Was Mailed To Me
YSC1790000033,11/22/2016,Card Was Delivered To Me By The Post Office
YSC1790000034,11/17/2016,Card Was Delivered To Me By The Post Office
YSC1790000035,11/21/2016,Card Was Mailed To Me
YSC1790000036,11/23/2016,Card Was Delivered To Me By The Post Office
YSC1790000037,11/23/2016,Card Was Delivered To Me By The Post Office
YSC1790000038,11/17/2016,Card Was Delivered To Me By The Post Office
YSC1790000039,11/21/2016,Card Was Mailed To Me
YSC1790000040,11/30/2016,Card Was Delivered To Me By The Post Office
YSC1790000041,11/21/2016,Card Was Mailed To Me
YSC1790000042,11/22/2016,Card Was Mailed To Me
YSC1790000043,11/28/2016,Card Was Delivered To Me By The Post Office
YSC1790000044,11/14/2016,Card Was Mailed To Me
YSC1790000045,09/28/2016,Case Was Received
YSC1790000046,09/28/2016,Case Was Received
YSC1790000047,11/21/2016,Card Was Mailed To Me
YSC1790000048,11/30/2016,Card Was Delivered To Me By The Post Office
YSC1790000049,11/22/2016,Card Was Mailed To Me
YSC1790000050,11/21/2016,Card Was Mailed To Me
YSC1790000051,11/21/2016,Card Was Mailed To Me
YSC1790000052,11/30/2016,Card Was Delivered To Me By The Post Office
YSC1790000053,11/25/2016,Card Was Delivered To Me By The Post Office
YSC1790000054,09/29/2016,Case Was Received
YSC1790000055,09/29/2016,Case Was Received
YSC1790000056,09/29/2016,Case Was Received
YSC1790000057,09/29/2016,Case Was Received
YSC1790000058,09/29/2016,Case Was Received
YSC1790000059,09/29/2016,Case Was Received
YSC1790000060,11/21/2016,Card Was Mailed To Me
YSC1790000061,09/29/2016,Case Was Received
YSC1790000062,11/22/2016,Card Was Delivered To Me By The Post Office
YSC1790000063,09/29/2016,Case Was Received
YSC1790000064,09/29/2016,Case Was Received
YSC1790000065,09/29/2016,Case Was Received
YSC1790000066,09/29/2016,Case Was Received
YSC1790000067,09/29/2016,Case Was Received
YSC1790000068,10/12/2016,Name Was Updated
YSC1790000069,09/29/2016,Case Was Received
YSC1790000070,11/21/2016,Card Was Mailed To Me
YSC1790000071,12/02/2016,New Card Is Being Produced
YSC1790000072,09/29/2016,Case Was Received
YSC1790000073,11/21/2016,Card Was Mailed To Me
YSC1790000074,11/23/2016,Card Was Mailed To Me
YSC1790000075,09/29/2016,Case Was Received
YSC1790000076,09/29/2016,Case Was Received
YSC1790000077,09/29/2016,Case Was Received
YSC1790000078,09/29/2016,Case Was Received
YSC1790000079,09/29/2016,Case Was Received
YSC1790000080,09/29/2016,Case Was Received
YSC1790000081,09/29/2016,Case Was Received
YSC1790000082,11/22/2016,Card Was Mailed To Me
YSC1790000083,11/23/2016,Card Was Mailed To Me
YSC1790000084,09/29/2016,Case Was Received
YSC1790000085,11/23/2016,Card Was Mailed To Me
YSC1790000086,11/22/2016,Card Was Delivered To Me By The Post Office
YSC1790000087,11/21/2016,Card Was Mailed To Me
YSC1790000088,12/01/2016,New Card Is Being Produced
YSC1790000089,11/22/2016,Card Was Mailed To Me
YSC1790000090,11/30/2016,Card Was Delivered To Me By The Post Office
YSC1790000091,11/23/2016,Card Was Mailed To Me
YSC1790000092,11/22/2016,Card Was Mailed To Me
YSC1790000093,11/29/2016,Card Was Delivered To Me By The Post Office
YSC1790000094,11/21/2016,Card Was Mailed To Me
YSC1790000095,12/01/2016,New Card Is Being Produced
YSC1790000096,11/21/2016,Card Was Mailed To Me
YSC1790000097,11/21/2016,Card Was Mailed To Me
YSC1790000098,12/01/2016,New Card Is Being Produced
YSC1790000099,11/23/2016,Card Was Mailed To Me
YSC1790000100,11/22/2016,Card Was Mailed To Me
YSC1790000101,11/29/2016,Card Was Delivered To Me By The Post Office
YSC1790000102,11/23/2016,Card Was Delivered To Me By The Post Office
YSC1790000103,11/23/2016,Card Was Mailed To Me
YSC1790000104,11/21/2016,Card Was Mailed To Me
YSC1790000105,11/22/2016,Card Was Delivered To Me By The Post Office
YSC1790000106,09/29/2016,Case Was Received
YSC1790000107,11/23/2016,Request for Initial Evidence Was Mailed
YSC1790000108,09/29/2016,Case Was Received
YSC1790000109,09/29/2016,Case Was Received
YSC1790000110,09/29/2016,Case Was Received
YSC1790000111,09/29/2016,Case Was Received
YSC1790000112,09/29/2016,Case Was Received
YSC1790000113,09/29/2016,Case Was Received
YSC1790000114,09/29/2016,Case Was Received
YSC1790000115,09/29/2016,Case Was Received
YSC1790000116,09/29/2016,Case Was Received
YSC1790000117,09/29/2016,Case Was Received
YSC1790000118,09/29/2016,Case Was Received
YSC1790000119,09/29/2016,Case Was Received
YSC1790000120,11/22/2016,Card Was Delivered To Me By The Post Office
YSC1790000121,11/22/2016,Card Was Delivered To Me By The Post Office
YSC1790000122,11/14/2016,Card Was Mailed To Me
YSC1790000123,11/22/2016,Card Was Delivered To Me By The Post Office
YSC1790000124,11/22/2016,Card Was Mailed To Me
YSC1790000125,11/22/2016,Card Was Mailed To Me
YSC1790000126,11/22/2016,Card Was Delivered To Me By The Post Office
YSC1790000127,11/22/2016,Card Was Delivered To Me By The Post Office
YSC1790000128,09/29/2016,Case Was Received
YSC1790000129,09/29/2016,Case Was Received
YSC1790000130,09/29/2016,Case Was Received
YSC1790000131,09/29/2016,Case Was Received
YSC1790000132,09/29/2016,Case Was Received
YSC1790000133,09/29/2016,Case Was Received
YSC1790000134,09/29/2016,Case Was Received
YSC1790000135,11/30/2016,New Card Is Being Produced
YSC1790000136,11/22/2016,Card Was Mailed To Me
YSC1790000137,12/01/2016,New Card Is Being Produced
YSC1790000138,11/22/2016,Card Was Mailed To Me
YSC1790000139,12/02/2016,New Card Is Being Produced
YSC1790000140,09/29/2016,Case Was Received
YSC1790000141,11/21/2016,Card Was Mailed To Me
YSC1790000142,09/29/2016,Case Was Received
YSC1790000143,11/25/2016,Card Was Delivered To Me By The Post Office
YSC1790000144,11/23/2016,Card Was Mailed To Me
YSC1790000145,11/23/2016,Card Was Delivered To Me By The Post Office
YSC1790000146,11/21/2016,Card Was Mailed To Me
YSC1790000147,11/21/2016,Card Was Mailed To Me
YSC1790000148,12/02/2016,Card Was Delivered To Me By The Post Office
YSC1790000149,11/22/2016,Card Was Mailed To Me
YSC1790000150,11/21/2016,Card Was Mailed To Me
YSC1790000151,11/22/2016,Card Was Delivered To Me By The Post Office
YSC1790000152,11/14/2016,Card Was Mailed To Me
YSC1790000153,11/14/2016,Card Was Mailed To Me
YSC1790000154,09/30/2016,Case Was Received
YSC1790000155,09/30/2016,Case Was Received
YSC1790000156,09/30/2016,Case Was Received
YSC1790000157,09/30/2016,Case Was Received
YSC1790000158,09/30/2016,Case Was Received
YSC1790000159,09/30/2016,Case Was Received
YSC1790000160,11/14/2016,Card Was Mailed To Me
YSC1790000161,11/21/2016,Card Was Mailed To Me
YSC1790000162,11/21/2016,Card Was Mailed To Me
YSC1790000163,12/01/2016,New Card Is Being Produced
YSC1790000164,11/23/2016,Card Was Mailed To Me
YSC1790000165,11/21/2016,Card Was Mailed To Me
YSC1790000166,11/22/2016,Card Was Mailed To Me
YSC1790000167,11/21/2016,Card Was Mailed To Me
YSC1790000168,11/23/2016,Card Was Mailed To Me
YSC1790000169,11/22/2016,Card Was Delivered To Me By The Post Office
YSC1790000170,11/21/2016,Card Was Mailed To Me
YSC1790000171,11/23/2016,Card Was Delivered To Me By The Post Office
YSC1790000172,11/22/2016,Card Was Mailed To Me
YSC1790000173,11/21/2016,Card Was Mailed To Me
YSC1790000174,11/21/2016,Card Was Mailed To Me
YSC1790000175,11/10/2016,Card Was Mailed To Me
YSC1790000176,11/21/2016,Card Was Mailed To Me
YSC1790000177,11/21/2016,Card Was Mailed To Me
YSC1790000178,11/22/2016,Card Was Mailed To Me
YSC1790000179,12/02/2016,New Card Is Being Produced
YSC1790000180,11/22/2016,Card Was Mailed To Me
YSC1790000181,11/21/2016,Card Was Mailed To Me
YSC1790000182,09/29/2016,Case Was Received
YSC1790000183,12/01/2016,New Card Is Being Produced
YSC1790000184,12/02/2016,Card Was Picked Up By The United States Postal Service
YSC1790000185,09/29/2016,Case Was Received
YSC1790000186,12/01/2016,New Card Is Being Produced
YSC1790000187,11/21/2016,Card Was Mailed To Me
YSC1790000188,11/22/2016,Card Was Mailed To Me
YSC1790000189,11/10/2016,Card Was Mailed To Me
YSC1790000190,11/30/2016,Card Was Delivered To Me By The Post Office
YSC1790000191,12/02/2016,New Card Is Being Produced
YSC1790000192,11/21/2016,Card Was Mailed To Me
YSC1790000193,09/29/2016,Case Was Received
YSC1790000194,11/21/2016,Card Was Mailed To Me
YSC1790000195,11/21/2016,Card Was Mailed To Me
YSC1790000196,11/21/2016,Card Was Mailed To Me
YSC1790000197,11/21/2016,Card Was Mailed To Me
YSC1790000198,11/21/2016,Card Was Mailed To Me
YSC1790000199,11/21/2016,Card Was Mailed To Me
YSC1790000200,11/14/2016,Card Was Mailed To Me
YSC1790000201,09/29/2016,Case Was Received
YSC1790000202,11/22/2016,Card Was Mailed To Me
YSC1790000203,09/29/2016,Case Was Received
YSC1790000204,12/02/2016,Card Was Mailed To Me
YSC1790000205,11/21/2016,Card Was Mailed To Me
YSC1790000206,11/28/2016,Card Was Mailed To Me
YSC1790000207,11/22/2016,Card Was Mailed To Me
YSC1790000208,09/29/2016,Case Was Received
YSC1790000209,11/23/2016,Card Was Delivered To Me By The Post Office
YSC1790000210,11/21/2016,Card Was Mailed To Me
YSC1790000211,11/21/2016,Card Was Mailed To Me
YSC1790000212,11/29/2016,Card Was Delivered To Me By The Post Office
YSC1790000213,11/23/2016,Card Was Delivered To Me By The Post Office
YSC1790000214,11/21/2016,Card Was Mailed To Me
YSC1790000215,11/23/2016,Card Was Delivered To Me By The Post Office
YSC1790000216,11/22/2016,Card Was Delivered To Me By The Post Office
YSC1790000217,11/21/2016,Card Was Mailed To Me
YSC1790000218,11/21/2016,Card Was Mailed To Me
YSC1790000219,11/10/2016,Card Was Mailed To Me
YSC1790000220,11/28/2016,Card Was Delivered To Me By The Post Office
YSC1790000221,11/21/2016,Card Was Mailed To Me
YSC1790000222,11/23/2016,Card Was Mailed To Me
YSC1790000223,11/14/2016,Card Was Mailed To Me
YSC1790000224,11/22/2016,Card Was Mailed To Me
YSC1790000225,12/01/2016,Request for Initial Evidence Was Mailed
YSC1790000226,11/21/2016,Card Was Mailed To Me
YSC1790000227,09/29/2016,Case Was Received
YSC1790000228,11/22/2016,Card Was Mailed To Me
YSC1790000229,11/22/2016,Card Was Mailed To Me
YSC1790000230,11/22/2016,Card Was Mailed To Me
YSC1790000231,12/01/2016,New Card Is Being Produced
YSC1790000232,11/22/2016,Card Was Mailed To Me
YSC1790000233,11/22/2016,Card Was Delivered To Me By The Post Office
YSC1790000234,11/22/2016,Card Was Mailed To Me
YSC1790000235,12/02/2016,New Card Is Being Produced
YSC1790000236,11/22/2016,Card Was Mailed To Me
YSC1790000237,11/14/2016,Card Was Mailed To Me
YSC1790000238,11/22/2016,Card Was Mailed To Me
YSC1790000239,11/10/2016,Card Was Mailed To Me
YSC1790000240,11/22/2016,Card Was Mailed To Me
YSC1790000241,11/23/2016,Card Was Delivered To Me By The Post Office
YSC1790000242,11/25/2016,Card Was Mailed To Me
YSC1790000243,11/23/2016,Card Was Delivered To Me By The Post Office
YSC1790000244,11/25/2016,Card Was Delivered To Me By The Post Office
YSC1790000245,11/14/2016,Card Was Mailed To Me
YSC1790000246,11/21/2016,Card Was Mailed To Me
YSC1790000247,09/29/2016,Case Was Received
YSC1790000248,09/29/2016,Case Was Received
YSC1790000249,09/29/2016,Case Was Received
YSC1790000250,09/29/2016,Case Was Received
YSC1790000251,09/29/2016,Case Was Received
YSC1790000252,09/29/2016,Case Was Received
YSC1790000253,09/29/2016,Case Was Received
YSC1790000254,09/29/2016,Case Was Received
YSC1790000255,11/21/2016,Card Was Mailed To Me
YSC1790000256,11/22/2016,Card Was Mailed To Me
YSC1790000257,11/22/2016,Card Was Mailed To Me
YSC1790000258,11/14/2016,Card Was Mailed To Me
YSC1790000259,11/21/2016,Card Was Mailed To Me
YSC1790000260,12/01/2016,New Card Is Being Produced
YSC1790000261,11/22/2016,Card Was Mailed To Me
YSC1790000262,09/29/2016,Case Was Received
YSC1790000263,11/21/2016,Card Was Mailed To Me
YSC1790000264,09/29/2016,Case Was Received
YSC1790000265,09/29/2016,Case Was Received
YSC1790000266,09/29/2016,Case Was Received
YSC1790000267,09/29/2016,Case Was Received
YSC1790000268,09/29/2016,Case Was Received
YSC1790000269,09/29/2016,Case Was Received
YSC1790000270,09/29/2016,Case Was Received
YSC1790000271,09/29/2016,Case Was Received
YSC1790000272,09/29/2016,Case Was Received
YSC1790000273,09/29/2016,Case Was Received
YSC1790000274,09/29/2016,Case Was Received
YSC1790000275,09/29/2016,Case Was Received
YSC1790000276,09/29/2016,Case Was Received
YSC1790000277,09/29/2016,Case Was Received
YSC1790000278,09/29/2016,Case Was Received
YSC1790000279,09/29/2016,Case Was Received
YSC1790000280,09/29/2016,Case Was Received
YSC1790000281,09/30/2016,Case Was Received
YSC1790000282,09/30/2016,Case Was Received
YSC1790000283,09/30/2016,Case Was Received
YSC1790000284,09/30/2016,Case Was Received
YSC1790000285,09/30/2016,Case Was Received
YSC1790000286,09/30/2016,Case Was Received
YSC1790000287,09/30/2016,Case Was Received
YSC1790000288,09/30/2016,Case Was Received
YSC1790000289,09/30/2016,Case Was Received
YSC1790000290,09/30/2016,Case Was Received
YSC1790000291,09/30/2016,Case Was Received
YSC1790000292,09/30/2016,Case Was Received
YSC1790000293,09/30/2016,Case Was Received
YSC1790000294,09/30/2016,Case Was Received
YSC1790000295,09/30/2016,Case Was Received
YSC1790000296,09/30/2016,Case Was Received
YSC1790000297,09/30/2016,Case Was Received
YSC1790000298,11/14/2016,Card Was Mailed To Me
YSC1790000299,12/02/2016,New Card Is Being Produced
YSC1790000300,11/14/2016,Card Was Mailed To Me
YSC1790000301,11/22/2016,Card Was Mailed To Me
YSC1790000302,11/30/2016,Card Was Delivered To Me By The Post Office
YSC1790000303,11/22/2016,Card Was Delivered To Me By The Post Office
YSC1790000304,11/21/2016,Card Was Mailed To Me
YSC1790000305,11/21/2016,Card Was Mailed To Me
YSC1790000306,11/21/2016,Card Was Mailed To Me
YSC1790000307,11/22/2016,Card Was Delivered To Me By The Post Office
YSC1790000308,11/22/2016,Card Was Mailed To Me
YSC1790000309,11/18/2016,Card Was Delivered To Me By The Post Office
YSC1790000310,09/29/2016,Case Was Received
YSC1790000311,09/29/2016,Case Was Received
YSC1790000312,09/29/2016,Case Was Received
YSC1790000313,09/29/2016,Case Was Received
YSC1790000314,09/30/2016,Case Was Received
YSC1790000315,09/30/2016,Case Was Received
YSC1790000316,09/30/2016,Case Was Received
YSC1790000317,09/30/2016,Case Was Received
YSC1790000318,09/30/2016,Case Was Received
YSC1790000319,09/30/2016,Case Was Received
YSC1790000320,09/29/2016,Case Was Received
YSC1790000321,09/29/2016,Case Was Received
YSC1790000322,09/29/2016,Case Was Received
YSC1790000323,09/29/2016,Case Was Received
YSC1790000324,09/29/2016,Case Was Received
YSC1790000325,09/29/2016,Case Was Received
YSC1790000326,09/29/2016,Case Was Received
YSC1790000327,09/29/2016,Case Was Received
YSC1790000328,11/01/2016,Notice Was Returned To USCIS Because The Post Office Could Not Deliver It
YSC1790000329,09/29/2016,Case Was Received
YSC1790000330,09/29/2016,Case Was Received
YSC1790000331,09/29/2016,Case Was Received
YSC1790000332,09/29/2016,Case Was Received
YSC1790000333,09/29/2016,Case Was Received
YSC1790000334,09/29/2016,Case Was Received
YSC1790000335,09/29/2016,Case Was Received
YSC1790000336,09/29/2016,Case Was Received
YSC1790000337,11/14/2016,Card Was Mailed To Me
YSC1790000338,12/01/2016,New Card Is Being Produced
YSC1790000339,11/23/2016,Card Was Delivered To Me By The Post Office
YSC1790000340,11/21/2016,Card Was Mailed To Me
YSC1790000341,11/17/2016,Card Was Delivered To Me By The Post Office
YSC1790000342,11/23/2016,Card Was Delivered To Me By The Post Office
YSC1790000343,10/25/2016,Notice Was Returned To USCIS Because The Post Office Could Not Deliver It
YSC1790000344,09/30/2016,Case Was Received
YSC1790000345,09/30/2016,Case Was Received
YSC1790000346,11/30/2016,Case Transferred To Another Office
YSC1790000347,09/30/2016,Case Was Received
YSC1790000348,09/30/2016,Case Was Received
YSC1790000349,09/30/2016,Case Was Received
YSC1790000350,09/29/2016,Case Was Received
YSC1790000351,09/29/2016,Case Was Received
YSC1790000352,09/29/2016,Case Was Received
YSC1790000353,09/29/2016,Case Was Received
YSC1790000354,09/29/2016,Case Was Received
YSC1790000355,09/29/2016,Case Was Received
YSC1790000356,09/29/2016,Case Was Received
YSC1790000357,09/29/2016,Case Was Received
YSC1790000358,09/29/2016,Case Was Received
YSC1790000359,09/29/2016,Case Was Received
YSC1790000360,09/29/2016,Case Was Received
YSC1790000361,09/29/2016,Case Was Received
YSC1790000362,09/29/2016,Case Was Received
YSC1790000363,09/29/2016,Case Was Received
YSC1790000364,09/29/2016,Case Was Received
YSC1790000365,09/29/2016,Case Was Received
YSC1790000366,11/23/2016,Card Was Delivered To Me By The Post Office
YSC1790000367,12/02/2016,New Card Is Being Produced
YSC1790000368,11/14/2016,Card Was Mailed To Me
YSC1790000369,11/21/2016,Card Was Mailed To Me
YSC1790000370,11/22/2016,Card Was Mailed To Me
YSC1790000371,09/29/2016,Case Was Received
YSC1790000372,11/10/2016,Card Was Delivered To Me By The Post Office
YSC1790000373,11/17/2016,Card Was Delivered To Me By The Post Office
YSC1790000374,09/30/2016,Case Was Received
YSC1790000375,09/30/2016,Case Was Received
YSC1790000376,09/30/2016,Case Was Received
YSC1790000377,09/30/2016,Case Was Received
YSC1790000378,09/30/2016,Case Was Received
YSC1790000379,09/30/2016,Case Was Received
YSC1790000380,09/30/2016,Case Was Received
YSC1790000381,09/30/2016,Case Was Received
YSC1790000382,09/30/2016,Case Was Received
YSC1790000383,10/18/2016,Name Was Updated
YSC1790000384,09/30/2016,Case Was Received
YSC1790000385,09/30/2016,Case Was Received
YSC1790000386,09/30/2016,Case Was Received
YSC1790000387,09/30/2016,Case Was Received
YSC1790000388,09/30/2016,Case Was Received
YSC1790000389,09/30/2016,Case Was Received
YSC1790000390,09/30/2016,Case Was Received
YSC1790000391,09/30/2016,Case Was Received
YSC1790000392,09/30/2016,Case Was Received
YSC1790000393,09/30/2016,Case Was Received
YSC1790000394,09/30/2016,Case Was Received
YSC1790000395,10/03/2016,Case Rejected Because I Sent An Incorrect Fee
YSC1790000396,09/30/2016,Case Was Received
YSC1790000397,09/30/2016,Case Was Received
YSC1790000398,09/30/2016,Case Was Received
YSC1790000399,09/30/2016,Case Was Received
YSC1790000400,11/21/2016,Card Was Mailed To Me
YSC1790000401,11/22/2016,Card Was Delivered To Me By The Post Office
YSC1790000402,11/30/2016,Card Was Delivered To Me By The Post Office
YSC1790000403,09/30/2016,Case Was Received
YSC1790000404,11/21/2016,Card Was Mailed To Me
YSC1790000405,11/18/2016,Card Was Delivered To Me By The Post Office
YSC1790000406,09/30/2016,Case Was Received
YSC1790000407,09/30/2016,Case Was Received
YSC1790000408,12/01/2016,New Card Is Being Produced
YSC1790000409,11/03/2016,Request for Initial Evidence Was Mailed
YSC1790000410,11/22/2016,Card Was Delivered To Me By The Post Office
YSC1790000411,11/21/2016,Card Was Mailed To Me
YSC1790000412,11/22/2016,Card Was Delivered To Me By The Post Office
YSC1790000413,11/21/2016,Card Was Mailed To Me
YSC1790000414,12/01/2016,Card Was Mailed To Me
YSC1790000415,09/29/2016,Case Was Received
YSC1790000416,11/22/2016,Card Was Delivered To Me By The Post Office
YSC1790000417,11/23/2016,Card Was Delivered To Me By The Post Office
YSC1790000418,12/01/2016,Card Was Delivered To Me By The Post Office
YSC1790000419,11/23/2016,Card Was Delivered To Me By The Post Office
YSC1790000420,11/21/2016,Card Was Delivered To Me By The Post Office
YSC1790000421,11/22/2016,Card Was Delivered To Me By The Post Office
YSC1790000422,11/23/2016,Card Was Mailed To Me
YSC1790000423,11/29/2016,Card Was Delivered To Me By The Post Office
YSC1790000424,11/23/2016,Card Was Delivered To Me By The Post Office
YSC1790000425,11/25/2016,Card Was Delivered To Me By The Post Office
YSC1790000426,11/23/2016,Card Was Delivered To Me By The Post Office
YSC1790000427,11/23/2016,Card Was Mailed To Me
YSC1790000428,11/22/2016,Card Was Delivered To Me By The Post Office
YSC1790000429,11/22/2016,Card Was Mailed To Me
YSC1790000430,11/22/2016,Card Was Mailed To Me
YSC1790000431,12/01/2016,New Card Is Being Produced
YSC1790000432,11/22/2016,Card Was Mailed To Me
YSC1790000433,11/23/2016,Card Was Mailed To Me
YSC1790000434,09/30/2016,Case Was Received
YSC1790000435,09/30/2016,Case Was Received
YSC1790000436,09/30/2016,Case Was Received
YSC1790000437,09/30/2016,Case Was Received
YSC1790000438,09/30/2016,Case Was Received
YSC1790000439,09/30/2016,Case Was Received
YSC1790000440,09/30/2016,Case Was Received
YSC1790000441,09/30/2016,Case Was Received
YSC1790000442,09/30/2016,Case Was Received
YSC1790000443,09/30/2016,Case Was Received
YSC1790000444,09/30/2016,Case Was Received
YSC1790000445,09/30/2016,Case Was Received
YSC1790000446,09/30/2016,Case Was Received
YSC1790000447,09/30/2016,Case Was Received
YSC1790000448,09/30/2016,Case Was Received
YSC1790000449,10/25/2016,Notice Was Returned To USCIS Because The Post Office Could Not Deliver It
YSC1790000450,09/30/2016,Case Was Received
YSC1790000451,09/30/2016,Case Was Received
YSC1790000452,09/30/2016,Case Was Received
YSC1790000453,09/30/2016,Case Was Received
YSC1790000454,09/30/2016,Case Was Received
YSC1790000455,09/30/2016,Case Was Received
YSC1790000456,09/30/2016,Case Was Received
YSC1790000457,09/30/2016,Case Was Received
YSC1790000458,09/30/2016,Case Was Received
YSC1790000459,09/30/2016,Case Was Received
YSC1790000460,09/30/2016,Case Was Received
YSC1790000461,09/30/2016,Case Was Received
YSC1790000462,12/02/2016,Card Was Delivered To Me By The Post Office
YSC1790000463,11/22/2016,Card Was Mailed To Me
YSC1790000464,11/28/2016,Card Was Delivered To Me By The Post Office
YSC1790000465,11/29/2016,Decision Notice Mailed
YSC1790000466,11/22/2016,Card Was Mailed To Me
YSC1790000467,09/30/2016,Case Was Received
YSC1790000468,09/30/2016,Case Was Received
YSC1790000469,09/30/2016,Case Was Received
YSC1790000470,09/30/2016,Case Was Received
YSC1790000471,09/30/2016,Case Was Received
YSC1790000472,09/30/2016,Case Was Received
YSC1790000473,09/30/2016,Case Was Received
YSC1790000474,09/30/2016,Case Was Received
YSC1790000475,09/30/2016,Case Was Received
YSC1790000476,12/01/2016,Card Was Delivered To Me By The Post Office
YSC1790000477,11/22/2016,Card Was Mailed To Me
YSC1790000478,11/30/2016,Card Was Delivered To Me By The Post Office
YSC1790000479,11/23/2016,Card Was Mailed To Me
YSC1790000480,11/30/2016,Card Was Delivered To Me By The Post Office
YSC1790000481,11/22/2016,Card Was Mailed To Me
YSC1790000482,09/30/2016,Case Was Received
YSC1790000483,11/23/2016,Card Was Delivered To Me By The Post Office
YSC1790000484,09/30/2016,Case Was Received
YSC1790000485,11/22/2016,Card Was Delivered To Me By The Post Office
YSC1790000486,11/22/2016,Card Was Mailed To Me
YSC1790000487,11/30/2016,Card Was Picked Up By The United States Postal Service
YSC1790000488,11/22/2016,Card Was Mailed To Me
YSC1790000489,11/23/2016,Card Was Delivered To Me By The Post Office
YSC1790000490,11/22/2016,Decision Notice Mailed
YSC1790000491,11/21/2016,Card Was Mailed To Me
YSC1790000492,09/30/2016,Case Was Received
YSC1790000493,09/30/2016,Case Was Received
YSC1790000494,11/22/2016,Card Was Mailed To Me
YSC1790000495,11/21/2016,Card Was Mailed To Me
YSC1790000496,11/18/2016,Card Was Delivered To Me By The Post Office
YSC1790000497,09/30/2016,Case Was Received
YSC1790000498,11/22/2016,Card Was Delivered To Me By The Post Office
YSC1790000499,11/30/2016,Card Was Delivered To Me By The Post Office
YSC1790000500,11/23/2016,Card Was Delivered To Me By The Post Office
YSC1790000501,11/22/2016,Card Was Mailed To Me
YSC1790000502,11/22/2016,Card Was Delivered To Me By The Post Office
YSC1790000503,11/22/2016,Card Was Delivered To Me By The Post Office
YSC1790000504,11/23/2016,Card Was Delivered To Me By The Post Office
YSC1790000505,11/23/2016,Card Was Delivered To Me By The Post Office
YSC1790000506,11/29/2016,Card Was Delivered To Me By The Post Office
YSC1790000507,11/21/2016,Card Was Mailed To Me
YSC1790000508,11/22/2016,Card Was Mailed To Me
YSC1790000509,11/21/2016,Card Was Mailed To Me
YSC1790000510,12/02/2016,Card Was Mailed To Me
YSC1790000511,11/22/2016,Card Was Mailed To Me
YSC1790000512,11/21/2016,Card Was Mailed To Me
YSC1790000513,11/22/2016,Card Was Mailed To Me
YSC1790000514,11/23/2016,Card Was Mailed To Me
YSC1790000515,09/30/2016,Case Was Received
YSC1790000516,11/23/2016,Card Was Mailed To Me
YSC1790000517,11/18/2016,Card Was Delivered To Me By The Post Office
YSC1790000518,09/30/2016,Case Was Received
YSC1790000519,11/22/2016,Card Was Mailed To Me
YSC1790000520,11/29/2016,Card Was Delivered To Me By The Post Office
YSC1790000521,11/22/2016,Card Was Delivered To Me By The Post Office
YSC1790000522,09/30/2016,Case Was Received
YSC1790000523,09/30/2016,Case Was Received
YSC1790000524,11/22/2016,Card Was Mailed To Me
YSC1790000525,10/03/2016,Case Was Received
YSC1790000526,10/03/2016,Case Was Received
YSC1790000527,10/03/2016,Case Was Received
YSC1790000528,10/03/2016,Case Was Received
YSC1790000529,10/03/2016,Case Was Received
YSC1790000530,10/03/2016,Case Was Received
YSC1790000531,10/03/2016,Case Was Received
YSC1790000532,10/03/2016,Case Was Received
YSC1790000533,10/03/2016,Case Was Received
YSC1790000534,10/03/2016,Case Was Received
YSC1790000535,10/03/2016,Case Was Received
YSC1790000536,10/03/2016,Case Was Received
YSC1790000537,10/03/2016,Case Was Received
YSC1790000538,10/03/2016,Case Was Received
YSC1790000539,10/03/2016,Case Was Received
YSC1790000540,11/22/2016,Card Was Mailed To Me
YSC1790000541,11/22/2016,Card Was Mailed To Me
YSC1790000542,11/23/2016,Card Was Mailed To Me
YSC1790000543,09/29/2016,Case Was Received
YSC1790000544,11/21/2016,Card Was Mailed To Me
YSC1790000545,11/22/2016,Card Was Mailed To Me
YSC1790000546,09/30/2016,Case Was Received
YSC1790000547,11/23/2016,Card Was Delivered To Me By The Post Office
YSC1790000548,12/02/2016,New Card Is Being Produced
YSC1790000549,09/30/2016,Case Was Received
YSC1790000550,11/22/2016,Card Was Delivered To Me By The Post Office
YSC1790000551,12/01/2016,Card Was Delivered To Me By The Post Office
YSC1790000552,11/01/2016,New Card Is Being Produced
YSC1790000553,09/30/2016,Case Was Received
YSC1790000554,11/22/2016,Card Was Mailed To Me
YSC1790000555,11/21/2016,Card Was Mailed To Me
YSC1790000556,11/22/2016,Card Was Mailed To Me
YSC1790000557,11/21/2016,Card Was Mailed To Me
YSC1790000558,12/01/2016,Card Was Delivered To Me By The Post Office
YSC1790000559,11/21/2016,Card Was Mailed To Me
YSC1790000560,11/30/2016,Card Was Delivered To Me By The Post Office
YSC1790000561,11/22/2016,Card Was Delivered To Me By The Post Office
YSC1790000562,09/30/2016,Case Was Received
YSC1790000563,09/30/2016,Case Was Received
YSC1790000564,11/22/2016,Card Was Delivered To Me By The Post Office
YSC1790000565,09/30/2016,Case Was Received
YSC1790000566,11/22/2016,Card Was Delivered To Me By The Post Office
YSC1790000567,09/30/2016,Case Was Received
YSC1790000568,11/22/2016,Card Was Mailed To Me
YSC1790000569,11/22/2016,Card Was Mailed To Me
YSC1790000570,11/21/2016,Card Was Mailed To Me
YSC1790000571,11/22/2016,Card Was Delivered To Me By The Post Office
YSC1790000572,11/22/2016,Card Was Mailed To Me
YSC1790000573,10/03/2016,Case Was Received
YSC1790000574,10/03/2016,Case Was Received
YSC1790000575,10/03/2016,Case Was Received
YSC1790000576,10/03/2016,Case Was Received
YSC1790000577,10/24/2016,Correspondence Was Received And USCIS Is Reviewing It
YSC1790000578,10/03/2016,Case Was Received
YSC1790000579,10/03/2016,Case Was Received
YSC1790000580,10/03/2016,Case Was Received
YSC1790000581,10/03/2016,Case Was Received
YSC1790000582,10/03/2016,Case Was Received
YSC1790000583,10/03/2016,Case Was Received
YSC1790000584,10/03/2016,Case Was Received
YSC1790000585,10/03/2016,Case Was Received
YSC1790000586,10/03/2016,Case Was Received
YSC1790000587,11/17/2016,Card Was Delivered To Me By The Post Office
YSC1790000588,11/17/2016,Card Was Delivered To Me By The Post Office
YSC1790000589,11/22/2016,Card Was Delivered To Me By The Post Office
YSC1790000590,11/23/2016,Card Was Mailed To Me
YSC1790000591,11/18/2016,Card Was Delivered To Me By The Post Office
YSC1790000592,10/03/2016,Case Was Received
YSC1790000593,10/03/2016,Case Was Received
YSC1790000594,10/03/2016,Case Was Received
YSC1790000595,10/03/2016,Case Was Received
YSC1790000596,10/03/2016,Case Was Received
YSC1790000597,10/03/2016,Case Was Received
YSC1790000598,10/03/2016,Case Was Received
YSC1790000599,10/03/2016,Case Was Received
YSC1790000600,10/03/2016,Case Was Received
YSC1790000601,10/03/2016,Case Was Received
YSC1790000602,10/03/2016,Case Was Received
YSC1790000603,10/03/2016,Case Was Received
YSC1790000604,10/03/2016,Case Was Received
YSC1790000605,10/03/2016,Case Was Received
YSC1790000606,10/03/2016,Case Was Received
YSC1790000607,10/03/2016,Case Was Received
YSC1790000608,10/03/2016,Case Was Received
YSC1790000609,10/03/2016,Case Was Received
YSC1790000610,10/03/2016,Case Was Received
YSC1790000611,10/03/2016,Case Was Received
YSC1790000612,10/03/2016,Case Was Received
YSC1790000613,10/03/2016,Case Was Received
YSC1790000614,10/03/2016,Case Was Received
YSC1790000615,10/03/2016,Case Was Received
YSC1790000616,10/03/2016,Case Was Received
YSC1790000617,10/03/2016,Case Was Received
YSC1790000618,10/03/2016,Case Was Received
YSC1790000619,10/03/2016,Case Was Received
YSC1790000620,10/03/2016,Case Was Received
YSC1790000621,10/03/2016,Case Was Received
YSC1790000622,10/03/2016,Case Was Received
YSC1790000623,10/03/2016,Case Was Received
YSC1790000624,10/03/2016,Case Was Received
YSC1790000625,10/03/2016,Case Was Received
YSC1790000626,10/03/2016,Case Was Received
YSC1790000627,10/03/2016,Case Was Received
YSC1790000628,10/03/2016,Case Was Received
YSC1790000629,10/03/2016,Case Was Received
YSC1790000630,10/03/2016,Case Was Received
YSC1790000631,10/03/2016,Case Was Received
YSC1790000632,10/03/2016,Case Was Received
YSC1790000633,10/03/2016,Case Was Received
YSC1790000634,10/03/2016,Case Was Received
YSC1790000635,10/03/2016,Case Was Received
YSC1790000636,10/03/2016,Case Was Received
YSC1790000637,10/03/2016,Case Was Received
YSC1790000638,10/03/2016,Case Was Received
YSC1790000639,09/30/2016,Case Was Received
YSC1790000640,09/30/2016,Case Was Received
YSC1790000641,10/03/2016,Case Was Received
YSC1790000642,10/03/2016,Case Was Received
YSC1790000643,10/03/2016,Case Was Received
YSC1790000644,10/03/2016,Case Was Received
YSC1790000645,10/03/2016,Case Was Received
YSC1790000646,10/03/2016,Case Was Received
YSC1790000647,10/03/2016,Case Was Received
YSC1790000648,10/03/2016,Case Was Received
YSC1790000649,10/03/2016,Case Was Received
YSC1790000650,10/03/2016,Case Was Received
YSC1790000651,10/03/2016,Case Was Received
YSC1790000652,10/03/2016,Case Was Received
YSC1790000653,10/03/2016,Case Was Received
YSC1790000654,10/03/2016,Case Was Received
YSC1790000655,10/03/2016,Case Was Received
YSC1790000656,10/03/2016,Case Was Received
YSC1790000657,10/03/2016,Case Was Received
YSC1790000658,09/30/2016,Case Was Received
YSC1790000659,09/30/2016,Case Was Received
YSC1790000660,09/30/2016,Case Was Received
YSC1790000661,09/30/2016,Case Was Received
YSC1790000662,09/30/2016,Case Was Received
YSC1790000663,09/30/2016,Case Was Received
YSC1790000664,09/30/2016,Case Was Received
YSC1790000665,09/30/2016,Case Was Received
YSC1790000666,09/30/2016,Case Was Received
YSC1790000667,09/30/2016,Case Was Received
YSC1790000668,09/30/2016,Case Was Received
YSC1790000669,09/30/2016,Case Was Received
YSC1790000670,09/30/2016,Case Was Received
YSC1790000671,09/30/2016,Case Was Received
YSC1790000672,09/30/2016,Case Was Received
YSC1790000673,09/30/2016,Case Was Received
YSC1790000674,09/30/2016,Case Was Received
YSC1790000675,09/30/2016,Case Was Received
YSC1790000676,09/30/2016,Case Was Received
YSC1790000677,09/30/2016,Case Was Received
YSC1790000678,09/30/2016,Case Was Received
YSC1790000679,09/30/2016,Case Was Received
YSC1790000680,09/30/2016,Case Was Received
YSC1790000681,09/30/2016,Case Was Received
YSC1790000682,09/30/2016,Case Was Received
YSC1790000683,11/23/2016,Card Was Delivered To Me By The Post Office
YSC1790000684,09/29/2016,Case Was Received
YSC1790000685,11/22/2016,Card Was Mailed To Me
YSC1790000686,09/30/2016,Case Was Received
YSC1790000687,11/30/2016,Card Was Delivered To Me By The Post Office
YSC1790000688,10/03/2016,Case Was Rejected Because I Did Not Sign My Form
YSC1790000689,10/03/2016,Case Was Received
YSC1790000690,10/03/2016,Case Was Received
YSC1790000691,10/27/2016,Notice Was Returned To USCIS Because The Post Office Could Not Deliver It
YSC1790000692,10/03/2016,Case Was Received
YSC1790000693,10/03/2016,Case Was Received
YSC1790000694,10/03/2016,Case Was Received
YSC1790000695,10/03/2016,Case Was Received
YSC1790000696,10/03/2016,Case Was Received
YSC1790000697,10/03/2016,Case Was Received
YSC1790000698,10/03/2016,Case Was Received
YSC1790000699,10/03/2016,Case Was Received
YSC1790000700,10/03/2016,Case Was Received
YSC1790000701,10/03/2016,Case Was Received
YSC1790000702,10/03/2016,Case Was Received
YSC1790000703,10/03/2016,Case Rejected For Form Not Signed And Incorrect Form Version
YSC1790000704,12/01/2016,Card Was Delivered To Me By The Post Office
YSC1790000705,11/21/2016,Card Was Mailed To Me
YSC1790000706,11/29/2016,Decision Notice Mailed
YSC1790000707,11/22/2016,Card Was Mailed To Me
YSC1790000708,09/30/2016,Case Was Received
YSC1790000709,11/22/2016,Card Was Mailed To Me
YSC1790000710,09/30/2016,Case Was Received
YSC1790000711,09/30/2016,Case Was Received
YSC1790000712,11/18/2016,Card Was Delivered To Me By The Post Office
YSC1790000713,11/23/2016,Card Was Mailed To Me
YSC1790000714,10/03/2016,Case Was Received
YSC1790000715,10/03/2016,Case Was Received
YSC1790000716,10/03/2016,Case Was Received
YSC1790000717,10/03/2016,Case Was Received
YSC1790000718,10/03/2016,Case Was Received
YSC1790000719,10/03/2016,Case Was Received
YSC1790000720,10/03/2016,Case Was Received
YSC1790000721,10/03/2016,Case Was Received
YSC1790000722,10/03/2016,Case Was Received
YSC1790000723,10/03/2016,Case Was Received
YSC1790000724,10/03/2016,Case Was Received
YSC1790000725,10/03/2016,Case Was Received
YSC1790000726,10/03/2016,Case Was Received
YSC1790000727,10/03/2016,Case Was Received
YSC1790000728,10/03/2016,Case Was Received
YSC1790000729,10/03/2016,Case Was Received
YSC1790000730,10/03/2016,Case Was Received
YSC1790000731,10/03/2016,Case Was Received
YSC1790000732,10/03/2016,Case Was Received
YSC1790000733,10/03/2016,Case Was Received
YSC1790000734,10/03/2016,Case Was Received
YSC1790000735,10/03/2016,Case Was Received
YSC1790000736,10/03/2016,Case Was Received
YSC1790000737,10/03/2016,Case Was Received
YSC1790000738,10/03/2016,Case Was Received
YSC1790000739,10/03/2016,Case Was Received
YSC1790000740,10/03/2016,Case Was Received
YSC1790000741,11/23/2016,Card Was Mailed To Me
YSC1790000742,11/29/2016,Card Was Delivered To Me By The Post Office
YSC1790000743,11/23/2016,Card Was Delivered To Me By The Post Office
YSC1790000744,11/29/2016,Card Was Delivered To Me By The Post Office
YSC1790000745,11/22/2016,Card Was Delivered To Me By The Post Office
YSC1790000746,11/21/2016,Card Was Mailed To Me
YSC1790000747,11/30/2016,Card Was Delivered To Me By The Post Office
YSC1790000748,11/29/2016,Card Was Delivered To Me By The Post Office
YSC1790000749,11/30/2016,Card Was Delivered To Me By The Post Office
YSC1790000750,11/30/2016,Card Was Delivered To Me By The Post Office
YSC1790000751,11/23/2016,Card Was Mailed To Me
YSC1790000752,11/23/2016,Card Was Mailed To Me
YSC1790000753,11/22/2016,Card Was Mailed To Me
YSC1790000754,11/23/2016,Card Was Mailed To Me
YSC1790000755,11/29/2016,Card Was Delivered To Me By The Post Office
YSC1790000756,11/30/2016,Card Was Delivered To Me By The Post Office
YSC1790000757,11/21/2016,Card Was Mailed To Me
YSC1790000758,11/29/2016,Card Was Delivered To Me By The Post Office
YSC1790000759,11/22/2016,Card Was Mailed To Me
YSC1790000760,11/29/2016,Card Was Delivered To Me By The Post Office
YSC1790000761,11/22/2016,Card Was Mailed To Me
YSC1790000762,11/30/2016,Card Was Delivered To Me By The Post Office
YSC1790000763,11/21/2016,Card Was Mailed To Me
YSC1790000764,11/22/2016,Card Was Mailed To Me
YSC1790000765,11/22/2016,Card Was Delivered To Me By The Post Office
YSC1790000766,11/23/2016,Card Was Delivered To Me By The Post Office
YSC1790000767,11/23/2016,Card Was Delivered To Me By The Post Office
YSC1790000768,12/01/2016,Card Was Delivered To Me By The Post Office
YSC1790000769,11/22/2016,Card Was Delivered To Me By The Post Office
YSC1790000770,11/30/2016,Card Was Delivered To Me By The Post Office
YSC1790000771,11/22/2016,Card Was Delivered To Me By The Post Office
YSC1790000772,12/02/2016,Card Was Mailed To Me
YSC1790000773,11/22/2016,Card Was Mailed To Me
YSC1790000774,12/01/2016,Card Was Delivered To Me By The Post Office
YSC1790000775,11/22/2016,Card Was Delivered To Me By The Post Office
YSC1790000776,11/30/2016,Card Was Determined As Undeliverable By The Post Office
YSC1790000777,11/22/2016,Card Was Delivered To Me By The Post Office
YSC1790000778,11/23/2016,Card Was Mailed To Me
YSC1790000779,11/22/2016,Card Was Mailed To Me
YSC1790000780,11/22/2016,Card Was Mailed To Me
YSC1790000781,11/22/2016,Card Was Delivered To Me By The Post Office
YSC1790000782,09/30/2016,Case Was Received
YSC1790000783,11/30/2016,New Card Is Being Produced
YSC1790000784,11/29/2016,Card Was Delivered To Me By The Post Office
YSC1790000785,11/23/2016,Card Was Mailed To Me
YSC1790000786,12/03/2016,Card Was Delivered To Me By The Post Office
YSC1790000787,11/23/2016,Card Was Delivered To Me By The Post Office
YSC1790000788,09/30/2016,Case Was Received
YSC1790000789,11/22/2016,Card Was Mailed To Me
YSC1790000790,11/23/2016,Decision Notice Mailed
YSC1790000791,11/23/2016,Decision Notice Mailed
YSC1790000792,12/01/2016,Card Was Delivered To Me By The Post Office
YSC1790000793,09/30/2016,Case Was Received
YSC1790000794,11/23/2016,Card Was Delivered To Me By The Post Office
YSC1790000795,11/23/2016,Card Was Mailed To Me
YSC1790000796,11/21/2016,Card Was Mailed To Me
YSC1790000797,11/22/2016,Card Was Delivered To Me By The Post Office
YSC1790000798,11/22/2016,Card Was Mailed To Me
YSC1790000799,11/22/2016,Card Was Mailed To Me
YSC1790000800,11/23/2016,Card Was Delivered To Me By The Post Office
YSC1790000801,11/22/2016,Card Was Mailed To Me
YSC1790000802,09/30/2016,Case Was Received
YSC1790000803,11/22/2016,Card Was Delivered To Me By The Post Office
YSC1790000804,11/23/2016,Card Was Mailed To Me
YSC1790000805,11/23/2016,Card Was Delivered To Me By The Post Office
YSC1790000806,11/22/2016,Card Was Mailed To Me
YSC1790000807,11/22/2016,Card Was Delivered To Me By The Post Office
YSC1790000808,12/01/2016,Card Was Delivered To Me By The Post Office
YSC1790000809,11/22/2016,Card Was Mailed To Me
YSC1790000810,11/30/2016,Card Was Picked Up By The United States Postal Service
YSC1790000811,11/22/2016,Card Was Mailed To Me
YSC1790000812,11/23/2016,Card Was Mailed To Me
YSC1790000813,11/22/2016,Card Was Delivered To Me By The Post Office
YSC1790000814,11/23/2016,Card Was Mailed To Me
YSC1790000815,09/30/2016,Case Was Received
YSC1790000816,11/30/2016,Card Was Delivered To Me By The Post Office
YSC1790000817,11/22/2016,Card Was Mailed To Me
YSC1790000818,11/29/2016,Card Was Delivered To Me By The Post Office
YSC1790000819,11/22/2016,Card Was Mailed To Me
YSC1790000820,11/30/2016,Card Was Delivered To Me By The Post Office
YSC1790000821,11/22/2016,Card Was Mailed To Me
YSC1790000822,12/03/2016,Card Was Delivered To Me By The Post Office
YSC1790000823,11/30/2016,Card Was Delivered To Me By The Post Office
YSC1790000824,11/29/2016,Card Was Delivered To Me By The Post Office
YSC1790000825,09/30/2016,Case Was Received
YSC1790000826,11/23/2016,Card Was Delivered To Me By The Post Office
YSC1790000827,11/22/2016,Card Was Delivered To Me By The Post Office
YSC1790000828,11/23/2016,Card Was Delivered To Me By The Post Office
YSC1790000829,09/30/2016,Case Was Received
YSC1790000830,12/02/2016,Card Was Mailed To Me
YSC1790000831,11/23/2016,Card Was Delivered To Me By The Post Office
YSC1790000832,11/23/2016,Card Was Delivered To Me By The Post Office
YSC1790000833,11/22/2016,Card Was Mailed To Me
YSC1790000834,09/30/2016,Case Was Received
YSC1790000835,11/22/2016,Card Was Delivered To Me By The Post Office
YSC1790000836,11/22/2016,Card Was Mailed To Me
YSC1790000837,11/22/2016,Card Was Delivered To Me By The Post Office
YSC1790000838,11/23/2016,Card Was Delivered To Me By The Post Office
YSC1790000839,11/22/2016,Card Was Delivered To Me By The Post Office
YSC1790000840,11/10/2016,Card Was Mailed To Me
YSC1790000841,11/17/2016,Card Was Delivered To Me By The Post Office
YSC1790000842,09/30/2016,Case Was Received
YSC1790000843,11/23/2016,Card Was Delivered To Me By The Post Office
YSC1790000844,12/02/2016,Card Was Delivered To Me By The Post Office
YSC1790000845,11/23/2016,Card Was Delivered To Me By The Post Office
YSC1790000846,11/22/2016,Card Was Mailed To Me
YSC1790000847,11/23/2016,Card Was Delivered To Me By The Post Office
YSC1790000848,09/30/2016,Case Was Received
YSC1790000849,11/22/2016,Card Was Delivered To Me By The Post Office
YSC1790000850,11/14/2016,Card Was Mailed To Me
YSC1790000851,11/21/2016,Card Was Mailed To Me
YSC1790000852,12/01/2016,Card Was Delivered To Me By The Post Office
YSC1790000853,12/01/2016,Response To USCIS' Request For Evidence Was Received
YSC1790000854,11/22/2016,Card Was Mailed To Me
YSC1790000855,11/22/2016,Card Was Delivered To Me By The Post Office
YSC1790000856,11/29/2016,Response To USCIS' Request For Evidence Was Received
YSC1790000857,11/22/2016,Card Was Delivered To Me By The Post Office
YSC1790000858,11/29/2016,Card Was Delivered To Me By The Post Office
YSC1790000859,11/30/2016,Card Was Delivered To Me By The Post Office
YSC1790000860,09/30/2016,Case Was Received
YSC1790000861,11/22/2016,Card Was Delivered To Me By The Post Office
YSC1790000862,11/22/2016,Card Was Delivered To Me By The Post Office
YSC1790000863,11/23/2016,Card Was Delivered To Me By The Post Office
YSC1790000864,11/23/2016,Card Was Delivered To Me By The Post Office
YSC1790000865,11/22/2016,Card Was Delivered To Me By The Post Office
YSC1790000866,11/23/2016,Card Was Delivered To Me By The Post Office
YSC1790000867,11/23/2016,Card Was Delivered To Me By The Post Office
YSC1790000868,11/25/2016,Card Was Mailed To Me
YSC1790000869,11/22/2016,Card Was Delivered To Me By The Post Office
YSC1790000870,09/30/2016,Case Was Received
YSC1790000871,11/28/2016,Card Was Mailed To Me
YSC1790000872,09/30/2016,Case Was Received
YSC1790000873,12/02/2016,New Card Is Being Produced
YSC1790000874,12/02/2016,New Card Is Being Produced
YSC1790000875,12/01/2016,Card Was Delivered To Me By The Post Office
YSC1790000876,09/30/2016,Case Was Received
YSC1790000877,11/22/2016,Card Was Delivered To Me By The Post Office
YSC1790000878,11/22/2016,Card Was Delivered To Me By The Post Office
YSC1790000879,12/01/2016,New Card Is Being Produced
YSC1790000880,11/30/2016,Card Was Delivered To Me By The Post Office
YSC1790000881,11/21/2016,Card Was Mailed To Me
YSC1790000882,11/22/2016,Card Was Mailed To Me
YSC1790000883,11/22/2016,Card Was Delivered To Me By The Post Office
YSC1790000884,11/22/2016,Card Was Mailed To Me
YSC1790000885,11/22/2016,Card Was Delivered To Me By The Post Office
YSC1790000886,11/22/2016,Card Was Mailed To Me
YSC1790000887,11/25/2016,Card Was Delivered To Me By The Post Office
YSC1790000888,11/25/2016,Card Was Delivered To Me By The Post Office
YSC1790000889,09/30/2016,Case Was Received
YSC1790000890,11/17/2016,Card Was Delivered To Me By The Post Office
YSC1790000891,09/30/2016,Case Was Received
YSC1790000892,11/23/2016,Card Was Delivered To Me By The Post Office
YSC1790000893,09/30/2016,Case Was Received
YSC1790000894,11/23/2016,Card Was Delivered To Me By The Post Office
YSC1790000895,11/22/2016,Card Was Mailed To Me
YSC1790000896,11/17/2016,Card Was Delivered To Me By The Post Office
YSC1790000897,11/22/2016,Card Was Delivered To Me By The Post Office
YSC1790000898,11/22/2016,Card Was Delivered To Me By The Post Office
YSC1790000899,11/22/2016,Card Was Mailed To Me
YSC1790000900,09/30/2016,Case Was Received
YSC1790000901,11/23/2016,Card Was Delivered To Me By The Post Office
YSC1790000902,12/01/2016,Card Was Delivered To Me By The Post Office
YSC1790000903,11/22/2016,Card Was Mailed To Me
YSC1790000904,11/21/2016,Card Was Mailed To Me
YSC1790000905,11/23/2016,Card Was Mailed To Me
YSC1790000906,11/15/2016,Card Was Mailed To Me
YSC1790000907,11/23/2016,Card Was Delivered To Me By The Post Office
YSC1790000908,11/10/2016,Card Was Mailed To Me
YSC1790000909,11/25/2016,Card Was Delivered To Me By The Post Office
YSC1790000910,11/18/2016,Card Was Delivered To Me By The Post Office
YSC1790000911,11/25/2016,Card Was Delivered To Me By The Post Office
YSC1790000912,11/30/2016,Card Was Delivered To Me By The Post Office
YSC1790000913,11/22/2016,Card Was Delivered To Me By The Post Office
YSC1790000914,11/23/2016,Card Was Delivered To Me By The Post Office
YSC1790000915,11/23/2016,Card Was Delivered To Me By The Post Office
YSC1790000916,11/22/2016,Card Was Mailed To Me
YSC1790000917,11/22/2016,Card Was Mailed To Me
YSC1790000918,11/22/2016,Card Was Delivered To Me By The Post Office
YSC1790000919,11/23/2016,Card Was Delivered To Me By The Post Office
YSC1790000920,11/22/2016,Card Was Mailed To Me
YSC1790000921,11/23/2016,Card Was Delivered To Me By The Post Office
YSC1790000922,11/23/2016,Card Was Delivered To Me By The Post Office
YSC1790000923,11/23/2016,Card Was Delivered To Me By The Post Office
YSC1790000924,11/30/2016,Card Was Delivered To Me By The Post Office
YSC1790000925,11/22/2016,Card Was Delivered To Me By The Post Office
YSC1790000926,11/22/2016,Card Was Mailed To Me
YSC1790000927,11/22/2016,Card Was Delivered To Me By The Post Office
YSC1790000928,11/29/2016,Card Was Delivered To Me By The Post Office
YSC1790000929,11/29/2016,Card Was Delivered To Me By The Post Office
YSC1790000930,11/23/2016,Card Was Delivered To Me By The Post Office
YSC1790000931,11/23/2016,Card Was Delivered To Me By The Post Office
YSC1790000932,11/25/2016,Card Was Delivered To Me By The Post Office
YSC1790000933,11/23/2016,Card Was Delivered To Me By The Post Office
YSC1790000934,11/21/2016,Card Was Mailed To Me
YSC1790000935,11/22/2016,Card Was Delivered To Me By The Post Office
YSC1790000936,11/25/2016,Card Was Delivered To Me By The Post Office
YSC1790000937,09/30/2016,Case Was Received
YSC1790000938,11/22/2016,Card Was Delivered To Me By The Post Office
YSC1790000939,11/23/2016,Card Was Delivered To Me By The Post Office
YSC1790000940,11/23/2016,Card Was Delivered To Me By The Post Office
YSC1790000941,11/22/2016,Card Was Delivered To Me By The Post Office
YSC1790000942,11/22/2016,Card Was Mailed To Me
YSC1790000943,11/22/2016,Card Was Mailed To Me
YSC1790000944,11/17/2016,Card Was Delivered To Me By The Post Office
YSC1790000945,11/21/2016,Card Was Mailed To Me
YSC1790000946,09/30/2016,Case Was Received
YSC1790000947,11/23/2016,Card Was Delivered To Me By The Post Office
YSC1790000948,12/02/2016,New Card Is Being Produced
YSC1790000949,11/23/2016,Card Was Delivered To Me By The Post Office
YSC1790000950,11/29/2016,Decision Notice Mailed
YSC1790000951,11/22/2016,Card Was Mailed To Me
YSC1790000952,11/30/2016,Card Was Delivered To Me By The Post Office
YSC1790000953,11/23/2016,Card Was Mailed To Me
YSC1790000954,12/02/2016,Card Was Mailed To Me
YSC1790000955,11/22/2016,Card Was Delivered To Me By The Post Office
YSC1790000956,11/23/2016,Card Was Delivered To Me By The Post Office
YSC1790000957,11/23/2016,Card Was Delivered To Me By The Post Office
YSC1790000958,11/22/2016,Card Was Mailed To Me
YSC1790000959,11/23/2016,Card Was Delivered To Me By The Post Office
YSC1790000960,11/23/2016,Card Was Delivered To Me By The Post Office
YSC1790000961,11/22/2016,Card Was Delivered To Me By The Post Office
YSC1790000962,11/22/2016,Card Was Mailed To Me
YSC1790000963,11/25/2016,Card Was Delivered To Me By The Post Office
YSC1790000964,09/30/2016,Case Was Received
YSC1790000965,11/25/2016,Card Was Delivered To Me By The Post Office
YSC1790000966,09/30/2016,Case Was Received
YSC1790000967,09/30/2016,Case Was Received
YSC1790000968,11/17/2016,Card Was Delivered To Me By The Post Office
YSC1790000969,12/02/2016,New Card Is Being Produced
YSC1790000970,11/21/2016,Card Was Mailed To Me
YSC1790000971,09/30/2016,Case Was Received
YSC1790000972,11/22/2016,Card Was Delivered To Me By The Post Office
YSC1790000973,11/22/2016,Card Was Mailed To Me
YSC1790000974,11/29/2016,Card Was Delivered To Me By The Post Office
YSC1790000975,11/23/2016,Card Was Mailed To Me
YSC1790000976,11/17/2016,Card Was Delivered To Me By The Post Office
YSC1790000977,11/22/2016,Card Was Mailed To Me
YSC1790000978,12/01/2016,Card Was Delivered To Me By The Post Office
YSC1790000979,11/22/2016,Card Was Mailed To Me
YSC1790000980,11/23/2016,Card Was Mailed To Me
YSC1790000981,11/23/2016,Card Was Delivered To Me By The Post Office
YSC1790000982,11/23/2016,Card Was Mailed To Me
YSC1790000983,11/21/2016,Card Was Mailed To Me
YSC1790000984,11/30/2016,Card Was Delivered To Me By The Post Office
YSC1790000985,11/22/2016,Card Was Delivered To Me By The Post Office
YSC1790000986,11/25/2016,Card Was Delivered To Me By The Post Office
YSC1790000987,11/18/2016,Card Was Delivered To Me By The Post Office
YSC1790000988,12/01/2016,Card Was Delivered To Me By The Post Office
YSC1790000989,11/23/2016,Card Was Delivered To Me By The Post Office
YSC1790000990,11/23/2016,Card Was Mailed To Me
YSC1790000991,11/17/2016,Card Was Delivered To Me By The Post Office
YSC1790000992,09/30/2016,Case Was Received
YSC1790000993,11/21/2016,Card Was Mailed To Me
YSC1790000994,11/22/2016,Card Was Delivered To Me By The Post Office
YSC1790000995,09/30/2016,Case Was Received
YSC1790000996,12/01/2016,Card Was Delivered To Me By The Post Office
YSC1790000997,12/01/2016,New Card Is Being Produced
YSC1790000998,11/21/2016,Card Was Mailed To Me
YSC1790000999,09/30/2016,Case Was Received
YSC1790001000,09/30/2016,Case Was Received
YSC1790001001,11/23/2016,Card Was Mailed To Me
YSC1790001002,09/30/2016,Case Was Received
YSC1790001003,10/19/2016,Notice Was Returned To USCIS Because The Post Office Could Not Deliver It
YSC1790001004,11/21/2016,Card Was Mailed To Me
YSC1790001005,11/22/2016,Card Was Delivered To Me By The Post Office
YSC1790001006,11/10/2016,Card Was Mailed To Me
YSC1790001007,11/22/2016,Card Was Delivered To Me By The Post Office
YSC1790001008,10/14/2016,Name Was Updated
YSC1790001009,11/23/2016,Card Was Delivered To Me By The Post Office
YSC1790001010,11/30/2016,Card Was Delivered To Me By The Post Office
YSC1790001011,11/29/2016,Card Was Delivered To Me By The Post Office
YSC1790001012,11/21/2016,Decision Notice Mailed
YSC1790001013,11/23/2016,Card Was Delivered To Me By The Post Office
YSC1790001014,11/22/2016,Card Was Delivered To Me By The Post Office
YSC1790001015,11/22/2016,Card Was Delivered To Me By The Post Office
YSC1790001016,09/30/2016,Case Was Received
YSC1790001017,11/23/2016,Card Was Delivered To Me By The Post Office
YSC1790001018,11/21/2016,Card Was Mailed To Me
YSC1790001019,11/23/2016,Card Was Delivered To Me By The Post Office
YSC1790001020,12/02/2016,Card Was Mailed To Me
YSC1790001021,11/22/2016,Card Was Mailed To Me
YSC1790001022,11/23/2016,Card Was Mailed To Me
YSC1790001023,09/30/2016,Case Was Received
YSC1790001024,11/22/2016,Card Was Mailed To Me
YSC1790001025,11/23/2016,Card Was Delivered To Me By The Post Office
YSC1790001026,12/03/2016,Card Was Delivered To Me By The Post Office
YSC1790001027,09/30/2016,Case Was Received
YSC1790001028,09/30/2016,Case Was Received
YSC1790001029,11/30/2016,Notice Was Returned To USCIS Because The Post Office Could Not Deliver It
YSC1790001030,09/30/2016,Case Was Received
YSC1790001031,11/17/2016,Card Was Delivered To Me By The Post Office
YSC1790001032,11/22/2016,Card Was Delivered To Me By The Post Office
YSC1790001033,12/02/2016,Card Was Delivered To Me By The Post Office
YSC1790001034,11/22/2016,Card Was Delivered To Me By The Post Office
YSC1790001035,11/25/2016,Card Was Delivered To Me By The Post Office
YSC1790001036,11/21/2016,Decision Notice Mailed
YSC1790001037,12/01/2016,Request for Initial Evidence Was Mailed
YSC1790001038,11/21/2016,Card Was Mailed To Me
YSC1790001039,11/26/2016,Card Was Delivered To Me By The Post Office
YSC1790001040,11/22/2016,Card Was Delivered To Me By The Post Office
YSC1790001041,11/21/2016,Card Was Mailed To Me
YSC1790001042,11/23/2016,Card Was Delivered To Me By The Post Office
YSC1790001043,11/22/2016,Card Was Mailed To Me
YSC1790001044,11/29/2016,Card Was Picked Up By The United States Postal Service
YSC1790001045,11/22/2016,Card Was Mailed To Me
YSC1790001046,09/30/2016,Case Was Received
YSC1790001047,09/30/2016,Case Was Received
YSC1790001048,11/23/2016,Card Was Delivered To Me By The Post Office
YSC1790001049,09/30/2016,Case Was Received
YSC1790001050,11/22/2016,Card Was Delivered To Me By The Post Office
YSC1790001051,11/22/2016,Card Was Mailed To Me
YSC1790001052,11/30/2016,New Card Is Being Produced
YSC1790001053,09/30/2016,Case Was Received
YSC1790001054,11/17/2016,Card Was Delivered To Me By The Post Office
YSC1790001055,09/30/2016,Case Was Received
YSC1790001056,11/22/2016,Card Was Delivered To Me By The Post Office
YSC1790001057,11/23/2016,Card Was Mailed To Me
YSC1790001058,09/30/2016,Case Was Received
YSC1790001059,11/23/2016,Card Was Delivered To Me By The Post Office
YSC1790001060,11/23/2016,Card Was Delivered To Me By The Post Office
YSC1790001061,11/17/2016,Card Was Delivered To Me By The Post Office
YSC1790001062,11/28/2016,Card Was Delivered To Me By The Post Office
YSC1790001063,11/22/2016,Card Was Delivered To Me By The Post Office
YSC1790001064,11/22/2016,Card Was Mailed To Me
YSC1790001065,11/30/2016,Card Was Delivered To Me By The Post Office
YSC1790001066,11/22/2016,Card Was Delivered To Me By The Post Office
YSC1790001067,11/22/2016,Card Was Mailed To Me
YSC1790001068,11/23/2016,Card Was Delivered To Me By The Post Office
YSC1790001069,09/30/2016,Case Was Received
YSC1790001070,12/01/2016,New Card Is Being Produced
YSC1790001071,11/30/2016,Card Was Delivered To Me By The Post Office
YSC1790001072,11/22/2016,Card Was Mailed To Me
YSC1790001073,11/30/2016,Card Was Delivered To Me By The Post Office
YSC1790001074,11/22/2016,Card Was Delivered To Me By The Post Office
YSC1790001075,11/22/2016,Card Was Mailed To Me
YSC1790001076,09/30/2016,Case Was Received
YSC1790001077,11/22/2016,Card Was Mailed To Me
YSC1790001078,11/23/2016,Card Was Delivered To Me By The Post Office
YSC1790001079,11/23/2016,Card Was Delivered To Me By The Post Office
YSC1790001080,11/23/2016,Card Was Delivered To Me By The Post Office
YSC1790001081,11/21/2016,Card Was Mailed To Me
YSC1790001082,11/30/2016,Card Was Delivered To Me By The Post Office
YSC1790001083,11/21/2016,Card Was Mailed To Me
YSC1790001084,12/01/2016,Card Was Delivered To Me By The Post Office
YSC1790001085,11/22/2016,Card Was Delivered To Me By The Post Office
YSC1790001086,11/21/2016,Card Was Mailed To Me
YSC1790001087,11/10/2016,Card Was Mailed To Me
YSC1790001088,09/30/2016,Case Was Received
YSC1790001089,12/01/2016,Card Was Delivered To Me By The Post Office
YSC1790001090,11/25/2016,Card Was Delivered To Me By The Post Office
YSC1790001091,12/01/2016,Card Was Delivered To Me By The Post Office
YSC1790001092,11/23/2016,Card Was Delivered To Me By The Post Office
YSC1790001093,09/30/2016,Case Was Received
YSC1790001094,11/21/2016,Card Was Mailed To Me
YSC1790001095,11/23/2016,Card Was Delivered To Me By The Post Office
YSC1790001096,11/29/2016,Card Was Delivered To Me By The Post Office
YSC1790001097,11/28/2016,Card Was Delivered To Me By The Post Office
YSC1790001098,12/01/2016,Card Was Delivered To Me By The Post Office
YSC1790001099,11/21/2016,Card Was Mailed To Me
YSC1790001100,11/21/2016,Card Was Mailed To Me
YSC1790001101,11/23/2016,Card Was Delivered To Me By The Post Office
YSC1790001102,11/23/2016,Card Was Delivered To Me By The Post Office
YSC1790001103,11/21/2016,Card Was Mailed To Me
YSC1790001104,11/30/2016,Card Was Delivered To Me By The Post Office
YSC1790001105,11/23/2016,Card Was Delivered To Me By The Post Office
YSC1790001106,11/23/2016,Card Was Delivered To Me By The Post Office
YSC1790001107,11/22/2016,Card Was Mailed To Me
YSC1790001108,11/22/2016,Card Was Delivered To Me By The Post Office
YSC1790001109,11/22/2016,Card Was Mailed To Me
YSC1790001110,11/29/2016,Card Was Delivered To Me By The Post Office
YSC1790001111,11/22/2016,Card Was Delivered To Me By The Post Office
YSC1790001112,09/30/2016,Case Was Received
YSC1790001113,11/22/2016,Card Was Delivered To Me By The Post Office
YSC1790001114,11/22/2016,Card Was Delivered To Me By The Post Office
YSC1790001115,11/23/2016,Card Was Delivered To Me By The Post Office
YSC1790001116,11/22/2016,Card Was Mailed To Me
YSC1790001117,11/23/2016,Card Was Delivered To Me By The Post Office
YSC1790001118,11/22/2016,Card Was Mailed To Me
YSC1790001119,11/29/2016,Card Was Delivered To Me By The Post Office
YSC1790001120,11/23/2016,Card Was Delivered To Me By The Post Office
YSC1790001121,11/23/2016,Card Was Delivered To Me By The Post Office
YSC1790001122,11/19/2016,Card Was Delivered To Me By The Post Office
YSC1790001123,11/30/2016,Card Was Delivered To Me By The Post Office
YSC1790001124,11/22/2016,Card Was Delivered To Me By The Post Office
YSC1790001125,11/21/2016,Card Was Mailed To Me
YSC1790001126,11/30/2016,Card Was Delivered To Me By The Post Office
YSC1790001127,11/22/2016,Card Was Mailed To Me
YSC1790001128,09/30/2016,Case Was Received
YSC1790001129,11/30/2016,Card Was Delivered To Me By The Post Office
YSC1790001130,11/30/2016,Card Was Delivered To Me By The Post Office
YSC1790001131,11/23/2016,Card Was Delivered To Me By The Post Office
YSC1790001132,11/23/2016,Card Was Mailed To Me
YSC1790001133,11/18/2016,Card Was Delivered To Me By The Post Office
YSC1790001134,11/30/2016,Card Was Delivered To Me By The Post Office
YSC1790001135,09/30/2016,Case Was Received
YSC1790001136,11/22/2016,Card Was Mailed To Me
YSC1790001137,11/22/2016,Card Was Mailed To Me
YSC1790001138,11/22/2016,Card Was Mailed To Me
YSC1790001139,11/22/2016,Card Was Delivered To Me By The Post Office
YSC1790001140,11/22/2016,Card Was Delivered To Me By The Post Office
YSC1790001141,11/29/2016,Card Was Delivered To Me By The Post Office
YSC1790001142,11/23/2016,Card Was Delivered To Me By The Post Office
YSC1790001143,12/03/2016,Card Was Delivered To Me By The Post Office
YSC1790001144,11/21/2016,Card Was Mailed To Me
YSC1790001145,11/21/2016,Card Was Mailed To Me
YSC1790001146,12/01/2016,Card Was Delivered To Me By The Post Office
YSC1790001147,11/22/2016,Card Was Delivered To Me By The Post Office
YSC1790001148,11/21/2016,Card Was Mailed To Me
YSC1790001149,11/21/2016,Card Was Mailed To Me
YSC1790001150,11/23/2016,Card Was Delivered To Me By The Post Office
YSC1790001151,11/22/2016,Card Was Delivered To Me By The Post Office
YSC1790001152,11/23/2016,Card Was Delivered To Me By The Post Office
YSC1790001153,11/23/2016,Card Was Delivered To Me By The Post Office
YSC1790001154,09/30/2016,Case Was Received
YSC1790001155,11/22/2016,Card Was Mailed To Me
YSC1790001156,11/22/2016,Card Was Mailed To Me
YSC1790001157,11/23/2016,Card Was Mailed To Me
YSC1790001158,12/02/2016,Card Was Mailed To Me
YSC1790001159,11/21/2016,Card Was Mailed To Me
YSC1790001160,11/22/2016,Card Was Mailed To Me
YSC1790001161,11/30/2016,Card Was Delivered To Me By The Post Office
YSC1790001162,11/30/2016,Card Was Delivered To Me By The Post Office
YSC1790001163,11/22/2016,Card Was Delivered To Me By The Post Office
YSC1790001164,11/22/2016,Card Was Delivered To Me By The Post Office
YSC1790001165,11/25/2016,Card Was Delivered To Me By The Post Office
YSC1790001166,11/23/2016,Card Was Delivered To Me By The Post Office
YSC1790001167,11/14/2016,Card Was Mailed To Me
YSC1790001168,11/25/2016,Card Was Delivered To Me By The Post Office
YSC1790001169,11/21/2016,Card Was Mailed To Me
YSC1790001170,11/30/2016,Card Was Delivered To Me By The Post Office
YSC1790001171,11/14/2016,Card Was Mailed To Me
YSC1790001172,11/23/2016,Card Was Mailed To Me
YSC1790001173,11/30/2016,Card Was Delivered To Me By The Post Office
YSC1790001174,11/29/2016,Card Was Delivered To Me By The Post Office
YSC1790001175,11/22/2016,Card Was Delivered To Me By The Post Office
YSC1790001176,11/22/2016,Card Was Mailed To Me
YSC1790001177,11/23/2016,Card Was Delivered To Me By The Post Office
YSC1790001178,11/22/2016,Card Was Mailed To Me
YSC1790001179,11/23/2016,Card Was Delivered To Me By The Post Office
YSC1790001180,11/22/2016,Card Was Delivered To Me By The Post Office
YSC1790001181,11/23/2016,Card Was Delivered To Me By The Post Office
YSC1790001182,11/30/2016,Card Was Delivered To Me By The Post Office
YSC1790001183,11/22/2016,Card Was Delivered To Me By The Post Office
YSC1790001184,11/22/2016,Card Was Delivered To Me By The Post Office
YSC1790001185,12/02/2016,Card Was Mailed To Me
YSC1790001186,11/21/2016,Card Was Mailed To Me
YSC1790001187,11/18/2016,Card Was Mailed To Me
YSC1790001188,11/23/2016,Card Was Delivered To Me By The Post Office
YSC1790001189,11/22/2016,Card Was Delivered To Me By The Post Office
YSC1790001190,11/30/2016,Card Is Being Returned to USCIS by Post Office
YSC1790001191,11/23/2016,Card Was Mailed To Me
YSC1790001192,11/23/2016,Card Was Delivered To Me By The Post Office
YSC1790001193,11/23/2016,Card Was Delivered To Me By The Post Office
YSC1790001194,11/22/2016,Card Was Mailed To Me
YSC1790001195,11/22/2016,Card Was Delivered To Me By The Post Office
YSC1790001196,09/30/2016,Case Was Received
YSC1790001197,11/18/2016,Card Was Delivered To Me By The Post Office
YSC1790001198,11/22/2016,Card Was Delivered To Me By The Post Office
YSC1790001199,11/22/2016,Card Was Delivered To Me By The Post Office
YSC1790001200,11/23/2016,Card Was Delivered To Me By The Post Office
YSC1790001201,11/22/2016,Card Was Delivered To Me By The Post Office
YSC1790001202,09/30/2016,Case Was Received
YSC1790001203,11/21/2016,Card Was Mailed To Me
YSC1790001204,11/21/2016,Card Was Mailed To Me
YSC1790001205,11/22/2016,Card Was Mailed To Me
YSC1790001206,11/22/2016,Card Was Delivered To Me By The Post Office
YSC1790001207,11/25/2016,Card Was Delivered To Me By The Post Office
YSC1790001208,11/21/2016,Card Was Mailed To Me
YSC1790001209,11/21/2016,Card Was Mailed To Me
YSC1790001210,11/28/2016,Card Was Mailed To Me
YSC1790001211,09/30/2016,Case Was Received
YSC1790001212,09/30/2016,Case Was Received
YSC1790001213,12/01/2016,Card Was Delivered To Me By The Post Office
YSC1790001214,11/22/2016,Card Was Mailed To Me
YSC1790001215,11/23/2016,Card Was Delivered To Me By The Post Office
YSC1790001216,11/22/2016,Card Was Delivered To Me By The Post Office
YSC1790001217,11/30/2016,Card Was Delivered To Me By The Post Office
YSC1790001218,11/29/2016,Card Was Delivered To Me By The Post Office
YSC1790001219,11/21/2016,Card Was Mailed To Me
YSC1790001220,10/03/2016,Case Was Received
YSC1790001221,10/03/2016,Case Was Received
YSC1790001222,09/30/2016,Case Was Received
YSC1790001223,11/22/2016,Card Was Delivered To Me By The Post Office
YSC1790001224,09/30/2016,Case Was Received
YSC1790001225,11/23/2016,Card Was Delivered To Me By The Post Office
YSC1790001226,11/22/2016,Card Was Mailed To Me
YSC1790001227,11/23/2016,Card Was Delivered To Me By The Post Office
YSC1790001228,11/22/2016,Card Was Delivered To Me By The Post Office
YSC1790001229,11/23/2016,Card Was Mailed To Me
YSC1790001230,11/22/2016,Card Was Mailed To Me
YSC1790001231,09/30/2016,Case Was Received
YSC1790001232,10/03/2016,Case Was Received
YSC1790001233,12/01/2016,Card Was Delivered To Me By The Post Office
YSC1790001234,12/02/2016,Card Was Mailed To Me
YSC1790001235,12/01/2016,Card Was Delivered To Me By The Post Office
YSC1790001236,11/23/2016,Card Was Delivered To Me By The Post Office
YSC1790001237,11/23/2016,Card Was Delivered To Me By The Post Office
YSC1790001238,11/22/2016,Card Was Delivered To Me By The Post Office
YSC1790001239,11/22/2016,Card Was Mailed To Me
YSC1790001240,11/30/2016,Card Was Delivered To Me By The Post Office
YSC1790001241,11/21/2016,Card Was Mailed To Me
YSC1790001242,11/23/2016,Card Was Delivered To Me By The Post Office
YSC1790001243,11/15/2016,Card Was Mailed To Me
YSC1790001244,11/23/2016,Card Was Delivered To Me By The Post Office
YSC1790001245,09/30/2016,Case Was Received
YSC1790001246,11/22/2016,Card Was Delivered To Me By The Post Office
YSC1790001247,11/22/2016,Card Was Delivered To Me By The Post Office
YSC1790001248,09/30/2016,Case Was Received
YSC1790001249,11/21/2016,Card Was Mailed To Me
YSC1790001250,11/22/2016,Card Was Delivered To Me By The Post Office
YSC1790001251,11/22/2016,Request for Initial Evidence Was Mailed
YSC1790001252,11/23/2016,Card Was Mailed To Me
YSC1790001253,11/23/2016,Card Was Delivered To Me By The Post Office
YSC1790001254,11/22/2016,Card Was Mailed To Me
YSC1790001255,11/22/2016,Card Was Delivered To Me By The Post Office
YSC1790001256,11/23/2016,Card Was Delivered To Me By The Post Office
YSC1790001257,11/22/2016,Card Was Mailed To Me
YSC1790001258,10/03/2016,Case Was Received
YSC1790001259,10/03/2016,Case Was Received
YSC1790001260,10/03/2016,Case Was Received
YSC1790001261,10/03/2016,Case Was Received
YSC1790001262,10/03/2016,Case Was Received
YSC1790001263,10/03/2016,Case Was Received
YSC1790001264,11/21/2016,Card Was Mailed To Me
YSC1790001265,11/23/2016,Card Was Delivered To Me By The Post Office
YSC1790001266,11/22/2016,Card Was Mailed To Me
YSC1790001267,11/23/2016,Card Was Delivered To Me By The Post Office
YSC1790001268,11/22/2016,Request for Initial Evidence Was Mailed
YSC1790001269,11/22/2016,Card Was Mailed To Me
YSC1790001270,11/23/2016,Card Was Delivered To Me By The Post Office
YSC1790001271,11/23/2016,Card Was Mailed To Me
YSC1790001272,11/23/2016,Card Was Mailed To Me
YSC1790001273,11/21/2016,Card Was Mailed To Me
YSC1790001274,09/30/2016,Case Was Received
YSC1790001275,11/23/2016,Card Was Delivered To Me By The Post Office
YSC1790001276,11/21/2016,Card Was Mailed To Me
YSC1790001277,09/30/2016,Case Was Received
